Sym,Time,Bot/Sld,Price,Quantity,Commision,P&L,Amount,Trade Type
INFN,9/30/2024 10:18,Sld,6.66,334,,3.34,2224.44,Closing
INFN,9/30/2024 10:10,Sld,6.68,317,,9.51,2117.56,Closing
FCX,9/30/2024 9:31,Sld,50.21,37,,-76.5997,1857.77,Closing
FCX,9/30/2024 9:31,Sld,50.21,39,,-80.7403,1958.19,Closing
GLNG,9/27/2024 12:48,Bot,37.12,53,,,1967.36,Opening
GLNG,9/27/2024 12:48,Bot,37.12,55,,,2041.6,Opening
SOUN,9/27/2024 10:17,Sld,4.79,392,,-98,1877.68,Closing
TSM,9/27/2024 10:13,Sld,181.5,12,,-23.52,2178,Closing
TSM,9/27/2024 9:37,Sld,183.54,12,,0.96,2202.48,Closing
GOTU,9/27/2024 9:31,Sld,4,477,,171.72,1908,Closing
GOTU,9/26/2024 11:49,Bot,3.64,477,,,1736.28,Opening
GOTU,9/26/2024 11:49,Bot,3.64,502,,,1827.28,Opening
FCX,9/26/2024 11:48,Bot,52.27,37,,,1933.99,Opening
FCX,9/26/2024 11:48,Bot,52.29,39,,,2039.31,Opening
POWL,9/25/2024 14:22,Sld,211.76,1,,-10.65,211.76,Closing
POWL,9/25/2024 14:22,Sld,211.76,1,,-10.65,211.76,Closing
POWL,9/25/2024 14:08,Sld,212.51,10,,-99,2125.1,Closing
POWL,9/25/2024 10:55,Bot,222.41,10,,,2224.1,Opening
POWL,9/25/2024 10:55,Bot,222.41,1,,,222.41,Opening
POWL,9/25/2024 10:55,Bot,222.41,1,,,222.41,Opening
TSM,9/25/2024 10:45,Bot,183.37,12,,,2200.44,Opening
TSM,9/25/2024 10:45,Bot,183.55,12,,,2202.6,Opening
SOUN,9/24/2024 10:40,Sld,4.81,373,,-85.79,1794.13,Closing
ROKU,9/20/2024 13:58,Sld,75.94,48,,10.08,3645.12,Closing
PLTR,9/20/2024 13:00,Sld,36.47,52,,1.3073,1896.44,Closing
PLTR,9/20/2024 13:00,Sld,36.47,55,,1.3827,2005.85,Closing
SOUN,9/18/2024 11:55,Bot,5.04,373,,,1879.92,Opening
SOUN,9/18/2024 11:55,Bot,5.04,392,,,1975.68,Opening
TTD,9/18/2024 11:53,Bot,107.55,19,,,2043.45,Opening
TTD,9/18/2024 11:52,Bot,107.54,20,,,2150.8,Opening
EXK,9/18/2024 11:19,Sld,3.49,809,,56.63,2823.41,Closing
INTC,9/17/2024 13:42,Sld,21.41,168,,-28.56,3596.88,Closing
INTC,9/17/2024 13:11,Bot,21.58,168,,,3625.44,Opening
MELI,9/17/2024 10:37,Sld,2091.7,1,,-0.815,2091.7,Closing
MELI,9/17/2024 10:37,Sld,2091.7,1,,-0.815,2091.7,Closing
MELI,9/17/2024 10:37,Sld,2091.7,1,,-0.815,2091.7,Closing
MELI,9/17/2024 10:37,Sld,2091.7,1,,-0.815,2091.7,Closing
ROKU,9/17/2024 10:32,Bot,75.73,48,,,3635.04,Opening
INTC,9/17/2024 10:28,Sld,21.86,168,,,3672.48,Closing
INTC,9/17/2024 10:27,Bot,21.86,168,,,3672.48,Opening
PLTR,9/16/2024 12:33,Bot,36.45,52,,,1895.4,Opening
PLTR,9/16/2024 12:33,Bot,36.44,55,,,2004.2,Opening
INFN,9/16/2024 10:16,Bot,6.65,317,,,2108.05,Opening
INFN,9/16/2024 10:16,Bot,6.65,334,,,2221.1,Opening
EXK,9/16/2024 9:52,Sld,3.76,768,,261.12,2887.68,Closing
MELI,9/12/2024 10:21,Bot,2092.62,1,,,2092.62,Opening
MELI,9/12/2024 10:21,Bot,2092.62,1,,,2092.62,Opening
MELI,9/12/2024 10:21,Bot,2092.14,1,,,2092.14,Opening
MELI,9/12/2024 10:21,Bot,2092.68,1,,,2092.68,Opening
EXK,9/12/2024 10:20,Bot,3.42,768,,,2626.56,Opening
EXK,9/12/2024 10:19,Bot,3.42,809,,,2766.78,Opening
CLS,9/9/2024 10:03,Bot,43.57,53,,1.59,2309.21,Opening
MELI,9/6/2024 11:57,Sld,1977,2,,4,3954,Closing
AFRM,9/6/2024 11:17,Sld,38.33,57,,-120.5331,2184.81,Closing
AFRM,9/6/2024 11:08,Sld,38.85,60,,-95.6769,2331,Closing
UHS,9/6/2024 10:17,Sld,232.77,22,,196.46,5120.94,Closing
AFRM,9/6/2024 9:57,Bot,40.46,57,,,2306.22,Opening
AFRM,9/6/2024 9:57,Bot,40.43,60,,,2425.8,Opening
CLS,9/6/2024 9:55,Sld,43.6,53,,,2310.8,Closing
ASTS,9/5/2024 9:38,Sld,28.4,69,,-369.84,1959.6,Closing
ASTS,9/4/2024 11:10,Bot,33.76,69,,,2329.44,Opening
ASTS,9/4/2024 11:10,Sld,33.78,138,,-26.22,4661.64,Closing
ASTS,9/4/2024 11:09,Bot,33.97,138,,,4687.86,Opening
LUMN,8/29/2024 14:54,Bot,5.21,1188,,11.88,6189.48,Opening
LUMN,8/29/2024 14:54,Bot,5.21,1080,,10.8,5626.8,Opening
HPQ,8/29/2024 11:28,Bot,36.42,202,,2.02,7356.84,Opening
CGC,8/29/2024 11:26,Bot,5.25,2845,,,14936.25,Opening
HPQ,8/29/2024 10:56,Sld,36.43,202,,,7358.86,Closing
HPQ,8/29/2024 10:55,Bot,36.5,203,,-42.63,7409.5,Opening
HPQ,8/29/2024 10:53,Sld,36.29,203,,,7366.87,Closing
HPQ,8/29/2024 10:52,Sld,36.36,404,,-40.4,14689.44,Closing
HPQ,8/29/2024 10:17,Bot,36.46,404,,,14729.84,Opening
WBA,8/29/2024 10:04,Bot,9.15,441,,398.5118,4035.15,Opening
WBA,8/29/2024 9:50,Bot,9.04,401,,406.4756,3625.04,Opening
WBA,8/29/2024 9:49,Bot,9.05,485,,486.7726,4389.25,Opening
GDOT,8/28/2024 12:17,Sld,10.94,357,,,3905.58,Closing
GDOT,8/28/2024 12:17,Sld,10.94,397,,,4343.18,Closing
UHS,8/28/2024 9:55,Sld,237.49,25,,341.25,5937.25,Closing
SKE,8/28/2024 9:31,Sld,7.72,432,,-181.44,3335.04,Closing
LUMN,8/27/2024 9:48,Sld,5.22,1188,,,6201.36,Closing
LUMN,8/27/2024 9:48,Sld,5.22,1080,,,5637.6,Closing
LUMN,8/27/2024 9:48,Sld,5.22,786,,-47.16,4102.92,Closing
CGC,8/27/2024 9:48,Sld,5.25,2845,,,14936.25,Closing
LUMN,8/27/2024 9:46,Bot,5.28,786,,,4150.08,Opening
AVBP,8/26/2024 15:17,Sld,27.97,112,,288.96,3132.64,Closing
AVBP,8/26/2024 15:17,Sld,27.97,125,,322.5,3496.25,Closing
LUMN,8/26/2024 10:42,Sld,5.91,735,,-485.1,4343.85,Closing
LUMN,8/26/2024 10:42,Sld,5.91,816,,-538.56,4822.56,Closing
TGTX,8/26/2024 10:23,Sld,23.73,1,,-0.7,23.73,Closing
AVBP,8/26/2024 9:39,Bot,25.39,112,,,2843.68,Opening
AVBP,8/26/2024 9:38,Bot,25.39,125,,,3173.75,Opening
SKE,8/26/2024 9:35,Bot,8.14,432,,,3516.48,Opening
GDOT,8/23/2024 9:46,Bot,10.94,357,,,3905.58,Opening
GDOT,8/23/2024 9:46,Bot,10.94,397,,,4343.18,Opening
LUMN,8/23/2024 9:42,Bot,6.57,735,,,4828.95,Opening
LUMN,8/23/2024 9:42,Bot,6.57,816,,,5361.12,Opening
WBA,8/22/2024 15:54,Sld,10.06,485,,,4879.1,Closing
WBA,8/22/2024 15:54,Sld,10.05,441,,,4432.05,Closing
WBA,8/22/2024 15:53,Sld,10.05,401,,,4030.05,Closing
KO,8/22/2024 13:31,Sld,69.11,86,,-53.5191,5943.46,Closing
KO,8/22/2024 12:45,Sld,69.29,48,,-21.2311,3325.92,Closing
MRNA,8/22/2024 11:10,Sld,83.43,37,,-165.76,3086.91,Closing
KO,8/21/2024 15:32,Sld,69.39,69,,-23.6198,4787.91,Closing
MELI,8/21/2024 9:36,Sld,1973.26,2,,-3.48,3946.52,Closing
KO,8/21/2024 9:35,Bot,69.78,69,,,4814.82,Opening
KO,8/21/2024 9:34,Bot,69.74,86,,,5997.64,Opening
KO,8/21/2024 9:33,Bot,69.65,48,,,3343.2,Opening
EBS,8/20/2024 10:37,Sld,10.59,349,,34.9,3695.91,Closing
CLOV,8/19/2024 10:19,Sld,3.07,1,,-0.13,3.07,Closing
TGTX,8/19/2024 9:51,Bot,24.43,1,,,24.43,Opening
CLOV,8/19/2024 9:50,Bot,3.2,1,,,3.2,Opening
MRNA,8/16/2024 9:36,Bot,87.91,37,,,3252.67,Opening
EBS,8/16/2024 9:34,Bot,10.49,349,,,3661.01,Opening
MELI,8/15/2024 10:45,Bot,1975,2,,,3950,Opening
MELI,8/15/2024 10:45,Bot,1975,2,,,3950,Opening
UHS,8/14/2024 12:02,Bot,223.84,22,,,4924.48,Opening
UHS,8/14/2024 12:01,Bot,223.84,25,,,5596,Opening
ULTA,8/13/2024 11:46,Bot,326.86,16,,-115.1612,5229.76,Opening
ARLO,8/13/2024 9:49,Sld,11.98,406,,-198.94,4863.88,Closing
ULTA,8/13/2024 9:41,Bot,322.31,17,,-45.0088,5479.27,Opening
ULTA,8/12/2024 9:45,Sld,319.74,17,,,5435.58,Closing
ULTA,8/12/2024 9:45,Sld,319.58,16,,,5113.28,Closing
NFE,8/12/2024 9:36,Bot,14.45,389,,-486.25,5621.05,Opening
NFE,8/12/2024 9:30,Sld,13.2,389,,,5134.8,Closing
NFE,8/9/2024 9:57,Sld,14.32,355,,-568,5083.6,Closing
ARLO,8/9/2024 9:33,Bot,12.47,406,,,5062.82,Opening
NFE,8/9/2024 9:30,Bot,15.92,355,,,5651.6,Opening
HLF,8/7/2024 11:57,Bot,9.38,603,,-12.06,5656.14,Opening
HLF,8/7/2024 11:57,Sld,9.36,603,,,5644.08,Closing
HLF,8/7/2024 11:57,Bot,9.38,1997,,-33.91,18731.86,Opening
HLF,8/7/2024 11:57,Sld,9.36,730,,,6832.8,Closing
HLF,8/7/2024 11:56,Sld,9.36,664,,,6215.04,Closing
HLF,8/7/2024 11:55,Sld,9.37,603,,,5650.11,Closing
CVNA,8/5/2024 9:30,Sld,119.25,19,,-208.905,2265.75,Closing
GLNG,8/1/2024 11:42,Sld,33.89,235,,776.0875,7964.15,Closing
GLNG,8/1/2024 11:42,Sld,33.91,235,,780.7875,7968.85,Closing
CVNA,8/1/2024 9:46,Sld,147.94,19,,336.205,2810.86,Closing
DAWN,7/31/2024 9:51,Sld,14.45,2444,,-3959.28,35315.8,Closing
DAWN,7/30/2024 9:30,Bot,16.07,2444,,,39275.08,Opening
COOP,7/29/2024 15:59,Sld,91.46,43,,1.72,3932.78,Closing
COOP,7/29/2024 15:54,Sld,91.54,43,,5.16,3936.22,Closing
KRE,7/29/2024 10:19,Sld,58.38,95,,-95.95,5546.1,Closing
KRE,7/29/2024 10:19,Sld,58.4,95,,-94.05,5548,Closing
KRE,7/26/2024 9:35,Bot,59.38,95,,,5641.1,Opening
KRE,7/26/2024 9:35,Bot,59.4,95,,,5643,Opening
CRWD,7/26/2024 9:34,Bot,257.33,19,,109.63,4889.27,Opening
CVNA,7/25/2024 11:14,Bot,130.17,19,,,2473.23,Opening
CVNA,7/25/2024 11:13,Bot,130.32,19,,,2476.08,Opening
IREN,7/25/2024 10:31,Bot,10.03,1027,,-390.26,10300.81,Opening
COOP,7/25/2024 10:09,Bot,91.42,43,,,3931.06,Opening
COOP,7/25/2024 10:09,Bot,91.42,43,,,3931.06,Opening
IREN,7/25/2024 9:55,Sld,9.65,1027,,,9910.55,Closing
CRWD,7/24/2024 11:21,Sld,263.1,19,,,4998.9,Closing
CRWD,7/23/2024 9:55,Bot,270.25,19,,-126.16,5134.75,Opening
CRWD,7/22/2024 12:04,Sld,263.61,19,,,5008.59,Closing
NFLX,7/19/2024 9:37,Sld,656.44,5,,-91.475,3282.2,Closing
NFLX,7/19/2024 9:37,Sld,656.44,3,,-54.885,1969.32,Closing
NFLX,7/19/2024 9:33,Bot,673.4,5,,,3367,Opening
NFLX,7/19/2024 9:32,Bot,676.96,3,,,2030.88,Opening
BAC,7/18/2024 11:51,Sld,43.46,140,,1.4,6084.4,Closing
BAC,7/18/2024 11:49,Sld,43.48,140,,4.2,6087.2,Closing
CRDO,7/17/2024 10:25,Sld,31,63,,-166.32,1953,Closing
CRDO,7/17/2024 10:23,Sld,31.06,63,,-162.54,1956.78,Closing
SHOP,7/17/2024 10:01,Sld,66.65,162,,-230.85,10797.3,Closing
INTC,7/17/2024 9:47,Sld,35.84,422,,-508.51,15124.48,Closing
INTC,7/17/2024 9:47,Sld,35.84,422,,-508.51,15124.48,Closing
LGVN,7/17/2024 9:45,Sld,4.14,396,,-152.46,1639.44,Closing
LGVN,7/17/2024 9:45,Sld,4.15,396,,-148.5,1643.4,Closing
INTC,7/17/2024 9:36,Bot,37.03,422,,,15626.66,Opening
INTC,7/17/2024 9:36,Bot,37.06,422,,,15639.32,Opening
LGVN,7/17/2024 9:35,Bot,4.54,396,,,1797.84,Opening
LGVN,7/17/2024 9:33,Bot,4.51,396,,,1785.96,Opening
LGVN,7/17/2024 9:33,Sld,4.55,792,,23.76,3603.6,Closing
LGVN,7/17/2024 9:33,Bot,4.52,792,,,3579.84,Opening
SHOP,7/17/2024 9:30,Sld,67.92,162,,-25.11,11003.04,Closing
CRDO,7/16/2024 10:11,Bot,33.68,63,,,2121.84,Opening
CRDO,7/16/2024 10:11,Bot,33.6,63,,,2116.8,Opening
BAC,7/16/2024 9:57,Bot,43.45,140,,,6083,Opening
BAC,7/16/2024 9:57,Bot,43.45,140,,,6083,Opening
SHOP,7/16/2024 9:46,Bot,68.16,162,,,11041.92,Opening
SHOP,7/16/2024 9:46,Bot,67.99,162,,,11014.38,Opening
GLNG,7/5/2024 9:30,Sld,32.85,235,,531.6875,7719.75,Closing
GLNG,6/28/2024 10:15,Sld,31.56,235,,228.5375,7416.6,Closing
SRPT,6/26/2024 9:30,Sld,155.15,193,,-2283.19,29943.95,Closing
ALT,6/25/2024 9:30,Sld,7.04,355,,-265.2142,2499.2,Closing
ALT,6/24/2024 12:02,Sld,7.83,399,,17.1242,3124.17,Closing
GLNG,6/24/2024 10:15,Bot,30.67,235,,,7207.45,Opening
GLNG,6/24/2024 10:14,Bot,30.68,235,,,7209.8,Opening
GLNG,6/24/2024 10:10,Bot,30.5,235,,,7167.5,Opening
GLNG,6/24/2024 10:10,Bot,30.5,235,,,7167.5,Opening
ALT,6/24/2024 9:38,Bot,7.84,355,,,2783.2,Opening
ALT,6/24/2024 9:37,Bot,7.74,399,,,3088.26,Opening
ALT,6/24/2024 9:37,Sld,7.68,1498,,-58.75,11504.64,Closing
ALT,6/24/2024 9:37,Bot,7.63,283,,,2159.29,Opening
ALT,6/24/2024 9:36,Bot,7.74,1215,,,9404.1,Opening
TKC,6/24/2024 9:30,Sld,7.41,1088,,-261.12,8062.08,Closing
TKC,6/24/2024 9:30,Sld,7.41,1088,,-261.12,8062.08,Closing
SID,6/21/2024 11:15,Sld,2.32,1483,,-192.79,3440.56,Closing
SRPT,6/21/2024 9:43,Bot,166.98,193,,,32227.14,Opening
TPC,6/21/2024 9:35,Sld,21.1,263,,-13.15,5549.3,Closing
BA,6/20/2024 14:30,Bot,175.76,70,,2.8,12303.2,Opening
KBH,6/20/2024 13:26,Sld,69.35,82,,-149.24,5686.7,Closing
KBH,6/20/2024 13:26,Sld,69.35,82,,-149.24,5686.7,Closing
MU,6/20/2024 12:31,Sld,146.02,21,,8.82,3066.42,Closing
TSM,6/20/2024 12:02,Sld,177.1,26,,-158.6,4604.6,Closing
TSM,6/20/2024 11:57,Sld,177.73,26,,-142.22,4620.98,Closing
KBH,6/20/2024 10:13,Bot,71.17,82,,,5835.94,Opening
KBH,6/20/2024 10:13,Bot,71.17,82,,,5835.94,Opening
TKC,6/20/2024 9:56,Bot,7.65,1088,,,8323.2,Opening
TKC,6/20/2024 9:56,Bot,7.65,1088,,,8323.2,Opening
SID,6/20/2024 9:30,Sld,2.38,1483,,-103.81,3529.54,Closing
TBLT,6/18/2024 12:38,Sld,3.06,1165,,-262.125,3564.9,Closing
TBLT,6/18/2024 12:36,Sld,3.15,1165,,-157.275,3669.75,Closing
TSM,6/18/2024 10:21,Bot,183.14,26,,,4761.64,Opening
TSM,6/18/2024 10:21,Bot,183.26,26,,,4764.76,Opening
TBLT,6/18/2024 10:12,Bot,3.28,1165,,,3821.2,Opening
TBLT,6/18/2024 10:11,Bot,3.29,1165,,,3832.85,Opening
SID,6/18/2024 9:50,Bot,2.45,1483,,,3633.35,Opening
SID,6/18/2024 9:50,Bot,2.45,1483,,,3633.35,Opening
CGNT,6/18/2024 9:49,Bot,7.55,684,,-164.16,5164.2,Opening
CGNT,6/18/2024 9:46,Sld,7.31,684,,,5000.04,Closing
CMTL,6/18/2024 9:45,Sld,3.85,2784,,-250.56,10718.4,Closing
CMTL,6/18/2024 9:44,Bot,3.94,2784,,,10968.96,Opening
BA,6/18/2024 9:33,Sld,175.8,70,,,12306,Closing
HIMS,6/17/2024 11:19,Sld,23.93,117,,-162.63,2799.81,Closing
HIMS,6/17/2024 11:19,Sld,23.99,117,,-155.61,2806.83,Closing
HIMS,6/17/2024 10:10,Bot,25.33,117,,,2963.61,Opening
HIMS,6/17/2024 10:09,Bot,25.31,117,,,2961.27,Opening
TRNR,6/17/2024 9:42,Sld,7.03,2428,,5972.88,17068.84,Closing
TRNR,6/17/2024 9:31,Bot,4.57,2428,,,11095.96,Opening
MU,6/17/2024 9:30,Bot,145.6,21,,,3057.6,Opening
CHWY,6/14/2024 13:51,Sld,22,94,,116.09,2068,Closing
CHWY,6/14/2024 13:33,Sld,22.03,94,,118.91,2070.82,Closing
TPC,6/14/2024 10:02,Bot,21.15,263,,,5562.45,Opening
NVTS,6/13/2024 10:01,Sld,4.64,931,,-316.54,4319.84,Closing
NVTS,6/12/2024 15:40,Sld,4.83,838,,-125.7,4047.54,Closing
BLNK,6/12/2024 14:00,Sld,3.43,1423,,-270.37,4880.89,Closing
BLNK,6/12/2024 14:00,Sld,3.44,1581,,-284.58,5438.64,Closing
WOOF,6/12/2024 14:00,Sld,3.66,784,,-172.48,2869.44,Closing
WOOF,6/12/2024 14:00,Sld,3.67,706,,-148.26,2591.02,Closing
TMCI,6/12/2024 9:57,Sld,6.15,586,,-152.36,3603.9,Closing
TMCI,6/12/2024 9:57,Sld,6.2,527,,-110.67,3267.4,Closing
WOOF,6/12/2024 9:38,Bot,3.88,706,,,2739.28,Opening
WOOF,6/12/2024 9:37,Bot,3.88,784,,,3041.92,Opening
TMCI,6/12/2024 9:36,Bot,6.41,527,,,3378.07,Opening
TMCI,6/12/2024 9:35,Bot,6.41,586,,,3756.26,Opening
NVTS,6/12/2024 9:34,Bot,4.98,838,,,4173.24,Opening
NVTS,6/12/2024 9:34,Bot,4.98,931,,,4636.38,Opening
BLNK,6/12/2024 9:33,Bot,3.62,1423,,,5151.26,Opening
BLNK,6/12/2024 9:33,Bot,3.62,1581,,,5723.22,Opening
AISP,6/11/2024 10:00,Sld,4.26,1645,,329,7007.7,Closing
FSLR,6/11/2024 10:00,Sld,277.22,125,,-1341.25,34652.5,Closing
AISP,6/11/2024 9:36,Bot,4.06,1645,,,6678.7,Opening
FSLR,6/11/2024 9:34,Bot,287.95,125,,,35993.75,Opening
BROS,6/5/2024 10:35,Sld,38.16,152,,-12.16,5800.32,Closing
BROS,6/5/2024 10:35,Bot,38.24,152,,,5812.48,Opening
BROS,6/5/2024 10:34,Sld,38.22,630,,-12.6,24078.6,Closing
BROS,6/5/2024 10:34,Bot,38.24,630,,,24091.2,Opening
IREN,6/3/2024 13:09,Sld,8.16,206,,-136.99,1680.96,Closing
IREN,6/3/2024 13:09,Sld,8.16,206,,-136.99,1680.96,Closing
IREN,6/3/2024 9:58,Bot,8.82,206,,,1816.92,Opening
IREN,6/3/2024 9:58,Bot,8.83,206,,,1818.98,Opening
IREN,6/3/2024 9:57,Sld,8.85,132,,-14.52,1168.2,Closing
IREN,6/3/2024 9:56,Bot,8.96,132,,,1182.72,Opening
CHWY,5/29/2024 10:03,Bot,20.74,94,,,1949.56,Opening
CHWY,5/29/2024 10:03,Bot,20.79,94,,,1954.26,Opening
HIMS,5/22/2024 9:40,Sld,16.56,92,,-243.8,1523.52,Closing
HIMS,5/22/2024 9:40,Sld,16.56,92,,-243.8,1523.52,Closing
DYN,5/22/2024 9:33,Sld,30.48,39,,-163.605,1188.72,Closing
DYN,5/22/2024 9:33,Sld,30.6,39,,-158.925,1193.4,Closing
DYN,5/20/2024 10:23,Bot,34.6,39,,,1349.4,Opening
DYN,5/20/2024 10:23,Bot,34.75,39,,,1355.25,Opening
HIMS,5/20/2024 10:18,Bot,19.17,92,,,1763.64,Opening
HIMS,5/20/2024 10:18,Bot,19.25,92,,,1771,Opening
TMCI,5/14/2024 15:44,Sld,5.01,173,,-83.04,866.73,Closing
TMCI,5/14/2024 15:44,Sld,5.01,173,,-83.04,866.73,Closing
SPCE,5/14/2024 10:40,Sld,1.23,723,,-101.22,889.29,Closing
SPCE,5/14/2024 10:40,Sld,1.23,723,,-101.22,889.29,Closing
TMCI,5/14/2024 10:10,Bot,5.48,173,,,948.04,Opening
TMCI,5/14/2024 10:09,Bot,5.5,173,,,951.5,Opening
SPCE,5/14/2024 10:01,Bot,1.37,723,,,990.51,Opening
SPCE,5/14/2024 10:01,Bot,1.37,723,,,990.51,Opening
HBM,4/10/2024 9:30,Sld,7.69,1168,,-303.68,8981.92,Closing
HBM,4/10/2024 9:30,Sld,7.69,1168,,-303.68,8981.92,Closing
TDW,4/10/2024 9:30,Sld,95.14,76,,-354.16,7230.64,Closing
PAAS,4/10/2024 9:30,Sld,18.27,411,,998.73,7508.97,Closing
TDW,4/9/2024 10:48,Sld,95.39,76,,-335.16,7249.64,Closing
HBM,4/9/2024 9:42,Bot,7.94,1168,,,9273.92,Opening
HBM,4/9/2024 9:40,Bot,7.96,1168,,,9297.28,Opening
EH,4/8/2024 10:34,Sld,20.32,250,,-335,5080,Closing
EH,4/8/2024 10:26,Sld,20.45,250,,-302.5,5112.5,Closing
EH,4/8/2024 9:37,Bot,21.73,250,,,5432.5,Opening
EH,4/8/2024 9:37,Bot,21.59,250,,,5397.5,Opening
MU,4/4/2024 15:29,Sld,123.75,32,,3.52,3960,Closing
MU,4/4/2024 15:28,Sld,123.9,32,,8.32,3964.8,Closing
EGY,4/4/2024 12:59,Sld,7.23,843,,8.43,6094.89,Closing
EGY,4/4/2024 12:59,Sld,7.24,843,,16.86,6103.32,Closing
PAAS,4/3/2024 15:28,Sld,16.96,411,,460.32,6970.56,Closing
TDW,4/3/2024 13:27,Bot,99.8,76,,,7584.8,Opening
TDW,4/3/2024 13:26,Bot,99.8,76,,,7584.8,Opening
PAAS,4/2/2024 15:51,Bot,15.85,411,,,6514.35,Opening
PAAS,4/2/2024 15:51,Bot,15.83,411,,,6506.13,Opening
EGY,4/1/2024 9:52,Bot,7.22,843,,,6086.46,Opening
EGY,4/1/2024 9:52,Bot,7.22,843,,,6086.46,Opening
MU,4/1/2024 9:42,Bot,123.52,32,,,3952.64,Opening
MU,4/1/2024 9:42,Bot,123.76,32,,,3960.32,Opening
CVNA,3/28/2024 12:50,Sld,86.82,43,,-163.4,3733.26,Closing
CVNA,3/28/2024 12:50,Sld,86.88,43,,-160.82,3735.84,Closing
VKTX,3/27/2024 9:38,Sld,81.9,69,,-170.775,5651.1,Closing
VKTX,3/27/2024 9:38,Sld,81.94,69,,-168.015,5653.86,Closing
VKTX,3/27/2024 9:34,Bot,84.32,69,,,5818.08,Opening
VKTX,3/27/2024 9:34,Bot,84.43,69,,,5825.67,Opening
TSLA,3/26/2024 15:58,Sld,177.43,49,,-186.2,8694.07,Closing
TSLA,3/26/2024 15:58,Sld,177.48,49,,-183.75,8696.52,Closing
TSLA,3/26/2024 9:40,Bot,181.38,49,,,8887.62,Opening
TSLA,3/26/2024 9:40,Bot,181.08,49,,,8872.92,Opening
PSNY,3/25/2024 13:24,Sld,1.65,1829,,-164.61,3017.85,Closing
PSNY,3/25/2024 13:24,Sld,1.65,1829,,-164.61,3017.85,Closing
CVNA,3/25/2024 9:52,Bot,90.65,43,,,3897.95,Opening
CVNA,3/25/2024 9:52,Bot,90.59,43,,,3895.37,Opening
CVNA,3/25/2024 9:52,Sld,90.6,86,,-17.2,7791.6,Closing
CVNA,3/25/2024 9:52,Bot,90.79,43,,,3903.97,Opening
CVNA,3/25/2024 9:52,Bot,90.81,43,,,3904.83,Opening
PSNY,3/25/2024 9:48,Bot,1.74,1829,,,3182.46,Opening
PSNY,3/25/2024 9:48,Bot,1.74,1829,,,3182.46,Opening
DTST,3/25/2024 9:41,Sld,6.68,429,,-8.58,2865.72,Closing
DTST,3/25/2024 9:41,Sld,6.68,429,,-8.58,2865.72,Closing
CVNA,3/22/2024 9:36,Sld,85.73,50,,-64.75,4286.5,Closing
CVNA,3/22/2024 9:36,Sld,85.76,50,,-63.25,4288,Closing
KAVL,3/21/2024 14:26,Sld,2.63,407,,3.0525,1070.41,Closing
KAVL,3/21/2024 10:06,Sld,3.73,407,,450.7525,1518.11,Closing
DTST,3/21/2024 9:57,Bot,6.7,429,,,2874.3,Opening
DTST,3/21/2024 9:56,Bot,6.7,429,,,2874.3,Opening
CVNA,3/21/2024 9:51,Bot,87.25,50,,,4362.5,Opening
CVNA,3/21/2024 9:50,Bot,86.8,50,,,4340,Opening
KAVL,3/21/2024 9:43,Bot,2.66,407,,,1082.62,Opening
KAVL,3/21/2024 9:39,Sld,2.58,407,,-2.035,1050.06,Closing
KAVL,3/21/2024 9:39,Bot,2.6,407,,,1058.2,Opening
KAVL,3/21/2024 9:38,Bot,2.57,407,,,1045.99,Opening
SOXS,3/20/2024 14:04,Sld,3.58,1314,,13.14,4704.12,Closing
SOXS,3/20/2024 14:04,Sld,3.58,1314,,13.14,4704.12,Closing
MRVL,3/19/2024 12:09,Bot,65.06,529,,-796.145,34416.74,Opening
MRVL,3/19/2024 12:09,Bot,65.06,529,,-796.145,34416.74,Opening
ROOT,3/19/2024 11:39,Sld,51.58,54,,-1.62,2785.32,Closing
ROOT,3/19/2024 11:39,Sld,51.58,54,,-1.62,2785.32,Closing
MRVL,3/19/2024 9:51,Sld,63.55,529,,,33617.95,Closing
MRVL,3/19/2024 9:51,Sld,63.56,529,,,33623.24,Closing
MNSO,3/19/2024 9:43,Sld,20.06,440,,-176,8826.4,Closing
MNSO,3/19/2024 9:43,Sld,20.06,440,,-176,8826.4,Closing
AMD,3/19/2024 9:30,Sld,183.16,44,,-424.82,8059.04,Closing
AMD,3/19/2024 9:30,Sld,183.16,44,,-424.82,8059.04,Closing
MNSO,3/18/2024 15:25,Bot,20.46,440,,,9002.4,Opening
MNSO,3/18/2024 15:25,Bot,20.46,440,,,9002.4,Opening
YPF,3/18/2024 9:57,Sld,18.31,565,,-189.275,10345.15,Closing
YPF,3/18/2024 9:57,Sld,18.31,565,,-189.275,10345.15,Closing
YPF,3/18/2024 9:38,Bot,18.7,565,,,10565.5,Opening
YPF,3/18/2024 9:37,Bot,18.59,565,,,10503.35,Opening
DTST,3/15/2024 14:10,Sld,6.13,403,,8.06,2470.39,Closing
DTST,3/15/2024 14:10,Sld,6.14,403,,12.09,2474.42,Closing
AMD,3/15/2024 10:42,Bot,192.9,44,,,8487.6,Opening
AMD,3/15/2024 10:42,Bot,192.73,44,,,8480.12,Opening
ROOT,3/15/2024 10:38,Bot,51.52,54,,,2782.08,Opening
ROOT,3/15/2024 10:38,Bot,51.7,54,,,2791.8,Opening
DESP,3/15/2024 9:50,Sld,10.71,449,,-401.855,4808.79,Closing
DESP,3/15/2024 9:50,Sld,10.72,449,,-397.365,4813.28,Closing
TALK,3/15/2024 9:44,Sld,3.17,772,,-135.1,2447.24,Closing
TALK,3/15/2024 9:44,Sld,3.17,772,,-135.1,2447.24,Closing
DESP,3/15/2024 9:39,Bot,11.66,449,,,5235.34,Opening
DESP,3/15/2024 9:39,Bot,11.55,449,,,5185.95,Opening
SOXS,3/14/2024 15:42,Bot,3.57,1314,,,4690.98,Opening
SOXS,3/14/2024 15:42,Bot,3.57,1314,,,4690.98,Opening
BUR,3/14/2024 10:22,Sld,14.07,1365,,-354.9,19205.55,Closing
BUR,3/14/2024 10:22,Sld,14.07,1365,,-354.9,19205.55,Closing
SOUN,3/14/2024 9:52,Sld,7.61,592,,17.76,4505.12,Closing
SOUN,3/14/2024 9:52,Sld,7.66,592,,47.36,4534.72,Closing
LAC,3/14/2024 9:46,Sld,6.8,739,,-410.145,5025.2,Closing
LAC,3/14/2024 9:46,Sld,6.82,739,,-395.365,5039.98,Closing
BUR,3/14/2024 9:45,Bot,14.33,1365,,,19560.45,Opening
BUR,3/14/2024 9:45,Bot,14.33,1365,,,19560.45,Opening
LAC,3/14/2024 9:40,Bot,7.35,739,,,5431.65,Opening
LAC,3/14/2024 9:40,Bot,7.36,739,,,5439.04,Opening
LAC,3/14/2024 9:39,Sld,7.47,2366,,-189.28,17674.02,Closing
LAC,3/14/2024 9:39,Bot,7.49,1183,,,8860.67,Opening
LAC,3/14/2024 9:38,Bot,7.61,1183,,,9002.63,Opening
SOUN,3/13/2024 11:09,Bot,7.58,592,,,4487.36,Opening
SOUN,3/13/2024 11:09,Bot,7.58,592,,,4487.36,Opening
ROOT,3/13/2024 10:50,Sld,45.58,120,,3915.6,5469.6,Closing
DTST,3/13/2024 9:50,Bot,6.08,403,,,2450.24,Opening
DTST,3/13/2024 9:49,Bot,6.14,403,,,2474.42,Opening
TALK,3/13/2024 9:43,Bot,3.35,772,,,2586.2,Opening
TALK,3/13/2024 9:43,Bot,3.34,772,,,2578.48,Opening
KLXE,3/13/2024 9:37,Bot,7.4,537,,-112.77,3973.8,Opening
KLXE,3/13/2024 9:37,Bot,7.4,537,,-112.77,3973.8,Opening
SNOW,3/13/2024 9:34,Bot,162.21,52,,2.34,8434.92,Opening
SNOW,3/13/2024 9:34,Bot,162.28,52,,-1.3,8438.56,Opening
KLXE,3/12/2024 14:58,Sld,7.19,537,,,3861.03,Closing
KLXE,3/12/2024 14:57,Sld,7.19,537,,,3861.03,Closing
REAX,3/12/2024 11:41,Sld,3.22,1123,,-168.45,3616.06,Closing
REAX,3/12/2024 11:41,Sld,3.22,1123,,-168.45,3616.06,Closing
COIN,3/12/2024 9:34,Sld,251.78,20,,400.3,5035.6,Closing
ML,3/11/2024 9:56,Sld,64.03,31,,1.55,1984.93,Closing
NVTS,3/11/2024 9:37,Bot,5.16,794,,-182.62,4097.04,Opening
NVTS,3/11/2024 9:37,Bot,5.16,794,,-182.62,4097.04,Opening
CAVA,3/11/2024 9:30,Sld,62.75,81,,-220.32,5082.75,Closing
CAVA,3/11/2024 9:30,Sld,62.83,81,,-213.84,5089.23,Closing
SNOW,3/8/2024 15:12,Sld,162.26,52,,,8437.52,Closing
SNOW,3/8/2024 15:11,Sld,162.25,52,,,8437,Closing
NVTS,3/8/2024 15:06,Sld,4.93,794,,,3914.42,Closing
NVTS,3/8/2024 15:06,Sld,4.93,794,,,3914.42,Closing
CVNA,3/8/2024 13:04,Sld,84.71,107,,-269.105,9063.97,Closing
CVNA,3/8/2024 13:04,Sld,84.77,107,,-262.685,9070.39,Closing
META,3/8/2024 12:19,Sld,505.62,45,,5.625,22752.9,Closing
META,3/8/2024 12:19,Sld,506.11,45,,27.675,22774.95,Closing
TSM,3/8/2024 11:30,Sld,150.16,31,,4.495,4654.96,Closing
TSM,3/8/2024 11:29,Sld,150.44,31,,13.175,4663.64,Closing
COIN,3/8/2024 10:30,Sld,270.15,20,,767.7,5403,Closing
CAVA,3/8/2024 9:53,Bot,65.46,81,,,5302.26,Opening
CAVA,3/8/2024 9:53,Bot,65.48,81,,,5303.88,Opening
CVNA,3/8/2024 9:38,Bot,87.26,107,,,9336.82,Opening
CVNA,3/8/2024 9:38,Bot,87.19,107,,,9329.33,Opening
CVNA,3/8/2024 9:34,Sld,85.37,63,,-130.725,5378.31,Closing
CVNA,3/8/2024 9:34,Sld,85.51,63,,-121.905,5387.13,Closing
CVNA,3/8/2024 9:32,Bot,87.71,63,,,5525.73,Opening
CVNA,3/8/2024 9:32,Bot,87.18,63,,,5492.34,Opening
TSM,3/7/2024 15:58,Bot,150.03,31,,,4650.93,Opening
TSM,3/7/2024 15:58,Bot,150,31,,,4650,Opening
ML,3/7/2024 10:57,Sld,70.69,31,,208.01,2191.39,Closing
TGTX,3/7/2024 10:29,Sld,18.44,90,,2.25,1659.6,Closing
TGTX,3/7/2024 10:29,Sld,18.44,90,,2.25,1659.6,Closing
ML,3/7/2024 9:51,Bot,63.98,31,,,1983.38,Opening
ML,3/7/2024 9:51,Bot,63.98,31,,,1983.38,Opening
META,3/7/2024 9:39,Bot,505.72,45,,,22757.4,Opening
EVGO,3/7/2024 9:39,Sld,2.99,1198,,-347.42,3582.02,Closing
EVGO,3/7/2024 9:39,Sld,2.99,1198,,-347.42,3582.02,Closing
META,3/7/2024 9:39,Bot,505.27,45,,,22737.15,Opening
REAX,3/7/2024 9:33,Bot,3.39,1123,,,3806.97,Opening
REAX,3/7/2024 9:32,Bot,3.35,1123,,,3762.05,Opening
FULC,3/6/2024 13:44,Sld,12.16,80,,-109.6,972.8,Closing
FULC,3/6/2024 13:44,Sld,12.18,80,,-108,974.4,Closing
AMD,3/6/2024 10:13,Sld,209.01,43,,1011.575,8987.43,Closing
FULC,3/6/2024 9:52,Bot,13.54,80,,,1083.2,Opening
FULC,3/6/2024 9:52,Bot,13.52,80,,,1081.6,Opening
EVGO,3/6/2024 9:33,Bot,3.31,1198,,,3965.38,Opening
EVGO,3/6/2024 9:33,Bot,3.25,1198,,,3893.5,Opening
HIMS,3/6/2024 9:30,Sld,13.35,147,,-191.1,1962.45,Closing
HIMS,3/6/2024 9:30,Sld,13.35,147,,-191.1,1962.45,Closing
MDB,3/6/2024 9:30,Bot,420.25,10,,-101.3,4202.5,Opening
MDB,3/6/2024 9:30,Bot,420.25,10,,-101.3,4202.5,Opening
META,3/6/2024 9:30,Bot,497.63,70,,-535.85,34834.1,Opening
META,3/6/2024 9:30,Bot,497.63,70,,-535.85,34834.1,Opening
MU,3/5/2024 12:08,Sld,94.16,117,,5.5575,11016.72,Closing
META,3/5/2024 11:37,Sld,489.98,70,,,34298.6,Closing
META,3/5/2024 11:37,Sld,489.97,70,,,34297.9,Closing
META,3/5/2024 11:36,Bot,490.48,316,,-64.78,154991.68,Opening
META,3/5/2024 11:34,Sld,490.25,158,,,77459.5,Closing
META,3/5/2024 11:34,Sld,490.3,158,,,77467.4,Closing
MDB,3/5/2024 10:02,Sld,410.14,10,,,4101.4,Closing
MDB,3/5/2024 10:02,Sld,410.1,10,,,4101,Closing
DTST,3/5/2024 9:52,Sld,5.21,1032,,-445.7676,5376.72,Closing
DTST,3/5/2024 9:50,Sld,5.33,1091,,-340.3324,5815.03,Closing
MNTS,3/5/2024 9:48,Sld,0.86,2061,,-164.88,1772.46,Closing
MNTS,3/5/2024 9:48,Sld,0.86,2061,,-164.88,1772.46,Closing
DTST,3/5/2024 9:38,Bot,5.71,1091,,,6229.61,Opening
MNTS,3/5/2024 9:37,Bot,0.93,2061,,,1916.73,Opening
MNTS,3/5/2024 9:36,Bot,0.95,2061,,,1957.95,Opening
MU,3/5/2024 9:30,Sld,94.18,117,,7.8975,11019.06,Closing
MU,3/5/2024 9:30,Sld,94.25,117,,16.0875,11027.25,Closing
MU,3/5/2024 9:30,Sld,94.25,117,,16.0875,11027.25,Closing
DTST,3/4/2024 15:59,Bot,5.57,1032,,,5748.24,Opening
DTST,3/4/2024 15:13,Sld,5.35,1032,,20.64,5521.2,Closing
DTST,3/4/2024 15:13,Sld,5.35,1032,,20.64,5521.2,Closing
COIN,3/4/2024 14:18,Bot,231.93,20,,,4638.6,Opening
COIN,3/4/2024 14:18,Bot,231.6,20,,,4632,Opening
HIMS,3/4/2024 14:11,Bot,14.66,147,,,2155.02,Opening
HIMS,3/4/2024 14:10,Bot,14.64,147,,,2152.08,Opening
MARA,3/4/2024 11:34,Sld,27.07,169,,-355.745,4574.83,Closing
MARA,3/4/2024 11:34,Sld,27.1,169,,-350.675,4579.9,Closing
TSM,3/4/2024 11:31,Sld,138.37,179,,-477.93,24768.23,Closing
TSM,3/4/2024 11:31,Sld,138.37,179,,-477.93,24768.23,Closing
DTST,3/4/2024 10:36,Bot,5.31,1032,,,5479.92,Opening
DTST,3/4/2024 10:36,Bot,5.35,1032,,,5521.2,Opening
KYMR,3/4/2024 10:03,Sld,42.2,52,,7.28,2194.4,Closing
KYMR,3/4/2024 10:03,Sld,42.2,52,,7.28,2194.4,Closing
MARA,3/4/2024 9:51,Bot,29.21,169,,,4936.49,Opening
MARA,3/4/2024 9:51,Bot,29.14,169,,,4924.66,Opening
TSM,3/4/2024 9:42,Bot,141.06,179,,,25249.74,Opening
TSM,3/4/2024 9:42,Bot,141.02,179,,,25242.58,Opening
META,3/4/2024 9:30,Sld,498.69,55,,7.15,27427.95,Closing
META,3/4/2024 9:30,Sld,498.69,55,,7.15,27427.95,Closing
AMD,3/1/2024 9:52,Sld,195.8,43,,443.545,8419.4,Closing
META,3/1/2024 9:44,Bot,498.62,55,,,27424.1,Opening
META,3/1/2024 9:43,Bot,498.5,55,,,27417.5,Opening
MU,3/1/2024 9:39,Bot,94.09,117,,,11008.53,Opening
MU,3/1/2024 9:39,Bot,94.15,117,,,11015.55,Opening
SNBR,3/1/2024 9:39,Sld,15.94,410,,182.45,6535.4,Closing
MU,3/1/2024 9:39,Bot,94.14,117,,,11014.38,Opening
MU,3/1/2024 9:39,Bot,94.07,117,,,11006.19,Opening
VLCN,2/29/2024 12:19,Sld,1.64,402,,-186.93,659.28,Closing
VLCN,2/29/2024 12:10,Sld,1.65,402,,-182.91,663.3,Closing
KRYS,2/29/2024 11:45,Sld,155.79,36,,876.24,5608.44,Closing
ASPN,2/29/2024 10:55,Sld,17.27,377,,-209.235,6510.79,Closing
SNBR,2/29/2024 10:43,Sld,16.08,410,,239.85,6592.8,Closing
ASPN,2/29/2024 10:38,Sld,17.32,377,,-190.385,6529.64,Closing
AMD,2/29/2024 10:09,Bot,185.55,43,,,7978.65,Opening
AMD,2/29/2024 10:09,Bot,185.42,43,,,7973.06,Opening
ASPN,2/29/2024 9:58,Bot,17.8,377,,,6710.6,Opening
ASPN,2/29/2024 9:57,Bot,17.85,377,,,6729.45,Opening
VLCN,2/29/2024 9:52,Bot,2.12,402,,,852.24,Opening
VLCN,2/29/2024 9:52,Bot,2.09,402,,,840.18,Opening
CVNA,2/28/2024 14:36,Sld,75.27,44,,12.32,3311.88,Closing
QRTEA,2/28/2024 13:49,Sld,1.49,789,,-189.36,1175.61,Closing
QRTEA,2/28/2024 13:49,Sld,1.49,789,,-189.36,1175.61,Closing
SWTX,2/28/2024 12:42,Sld,51.67,55,,-4.675,2841.85,Closing
BITI,2/28/2024 12:31,Bot,9.06,261,,214.02,2364.66,Opening
BITI,2/28/2024 12:31,Bot,8.89,261,,258.39,2320.29,Opening
SWTX,2/28/2024 12:21,Sld,51.84,55,,4.675,2851.2,Closing
QRTEA,2/28/2024 10:38,Bot,1.73,789,,,1364.97,Opening
QRTEA,2/28/2024 10:37,Bot,1.73,789,,,1364.97,Opening
CLSK,2/28/2024 10:23,Sld,20.13,87,,247.08,1751.31,Closing
TGTX,2/28/2024 9:39,Bot,18.46,90,,,1661.4,Opening
TGTX,2/28/2024 9:39,Bot,18.37,90,,,1653.3,Opening
CVNA,2/27/2024 12:01,Sld,83.18,44,,360.36,3659.92,Closing
SWTX,2/27/2024 11:25,Bot,51.78,55,,,2847.9,Opening
SWTX,2/27/2024 11:25,Bot,51.73,55,,,2845.15,Opening
HOLO,2/27/2024 10:11,Sld,9.71,57,,-196.65,553.47,Closing
HOLO,2/27/2024 10:11,Sld,9.77,57,,-193.23,556.89,Closing
ACRS,2/27/2024 10:01,Sld,1.21,2052,,-184.68,2482.92,Closing
ACRS,2/27/2024 10:01,Sld,1.21,2052,,-184.68,2482.92,Closing
ACRS,2/27/2024 9:34,Bot,1.3,2052,,,2667.6,Opening
ACRS,2/27/2024 9:33,Bot,1.3,2052,,,2667.6,Opening
CLSK,2/27/2024 9:30,Sld,23.11,87,,506.34,2010.57,Closing
BITI,2/26/2024 15:52,Sld,9.88,261,,,2578.68,Closing
BITI,2/26/2024 15:52,Sld,9.88,261,,,2578.68,Closing
BITI,2/26/2024 15:51,Bot,9.89,882,,-5.22,8722.98,Opening
BITI,2/26/2024 15:51,Sld,9.87,261,,,2576.07,Closing
BITI,2/26/2024 15:51,Sld,9.89,621,,,6141.69,Closing
BITI,2/26/2024 15:51,Bot,9.89,1044,,20.88,10325.16,Opening
BITI,2/26/2024 15:47,Sld,9.91,522,,,5173.02,Closing
BITI,2/26/2024 15:47,Sld,9.91,522,,,5173.02,Closing
WOR,2/26/2024 12:06,Sld,64.13,62,,-197.47,3976.06,Closing
WOR,2/26/2024 12:06,Sld,64.13,62,,-197.47,3976.06,Closing
RIG,2/26/2024 11:45,Bot,4.75,1220,,-207.4,5795,Opening
RIG,2/26/2024 11:45,Bot,4.75,1220,,-207.4,5795,Opening
RUN,2/26/2024 9:55,Bot,12.07,201,,448.23,2426.07,Opening
KRYS,2/26/2024 9:55,Sld,144.27,36,,461.52,5193.72,Closing
SNBR,2/26/2024 9:51,Bot,15.5,410,,,6355,Opening
SNBR,2/26/2024 9:51,Bot,15.49,410,,,6350.9,Opening
HOLO,2/26/2024 9:48,Bot,13.13,57,,,748.41,Opening
HOLO,2/26/2024 9:46,Bot,13.19,57,,,751.83,Opening
WOR,2/26/2024 9:42,Bot,67.31,62,,,4173.22,Opening
WOR,2/26/2024 9:42,Bot,67.32,62,,,4173.84,Opening
KRYS,2/26/2024 9:33,Bot,131.42,36,,,4731.12,Opening
KRYS,2/26/2024 9:33,Bot,131.48,36,,,4733.28,Opening
MRNA,2/23/2024 11:17,Sld,96.96,48,,94.56,4654.08,Closing
MRNA,2/23/2024 10:46,Sld,97.21,48,,106.56,4666.08,Closing
NVDA,2/23/2024 10:43,Sld,787.12,50,,1430.5,39356,Closing
NVDA,2/23/2024 10:09,Sld,803.14,10,,446.3,8031.4,Closing
NVDA,2/23/2024 10:09,Sld,803.14,10,,446.3,8031.4,Closing
TALK,2/23/2024 9:55,Sld,2.73,1568,,,4280.64,Closing
TALK,2/23/2024 9:54,Sld,2.74,1568,,15.68,4296.32,Closing
RIG,2/23/2024 9:52,Sld,4.58,1220,,,5587.6,Closing
RIG,2/23/2024 9:51,Sld,4.58,1220,,,5587.6,Closing
CVNA,2/23/2024 9:38,Bot,74.98,44,,,3299.12,Opening
CVNA,2/23/2024 9:38,Bot,75,44,,,3300,Opening
ROOT,2/23/2024 9:31,Sld,14.08,120,,135.6,1689.6,Closing
CLSK,2/22/2024 15:20,Bot,17.29,87,,,1504.23,Opening
CLSK,2/22/2024 15:19,Bot,17.29,87,,,1504.23,Opening
BABA,2/22/2024 15:15,Sld,76,152,,-21.28,11552,Closing
TALK,2/22/2024 15:02,Bot,2.73,1568,,,4280.64,Opening
TALK,2/22/2024 15:01,Bot,2.73,1568,,,4280.64,Opening
ROOT,2/22/2024 14:57,Bot,12.95,120,,,1554,Opening
ROOT,2/22/2024 14:57,Bot,12.95,120,,,1554,Opening
RUN,2/22/2024 12:18,Bot,14.3,201,,,2874.3,Opening
EVGN,2/22/2024 11:26,Sld,0.88,2813,,,2475.44,Closing
EVGN,2/22/2024 11:26,Sld,0.88,2813,,,2475.44,Closing
CAR,2/22/2024 11:23,Bot,102.19,32,,365.12,3270.08,Opening
IOVA,2/22/2024 11:00,Sld,15.1,134,,341.03,2023.4,Closing
RUN,2/22/2024 10:50,Sld,14.29,201,,,2872.29,Closing
RUN,2/22/2024 10:50,Sld,14.31,201,,,2876.31,Closing
MRNA,2/22/2024 10:01,Bot,94.98,48,,,4559.04,Opening
MRNA,2/22/2024 10:00,Bot,95,48,,,4560,Opening
BLZE,2/22/2024 9:55,Sld,11.02,227,,274.67,2501.54,Closing
KYMR,2/22/2024 9:53,Bot,42.06,52,,,2187.12,Opening
KYMR,2/22/2024 9:53,Bot,42.06,52,,,2187.12,Opening
NVDA,2/22/2024 9:39,Bot,760,50,,,38000,Opening
NVDA,2/22/2024 9:33,Bot,754,10,,,7540,Opening
NVDA,2/22/2024 9:33,Bot,755.57,10,,,7555.7,Opening
CAR,2/21/2024 11:47,Bot,104.31,32,,297.28,3337.92,Opening
XPRO,2/21/2024 11:12,Sld,20.06,228,,4.56,4573.68,Closing
XPRO,2/21/2024 11:12,Sld,20.06,228,,4.56,4573.68,Closing
IOVA,2/21/2024 9:59,Sld,13.94,134,,185.59,1867.96,Closing
BABA,2/21/2024 9:48,Bot,76.17,76,,,5788.92,Opening
BABA,2/21/2024 9:48,Bot,76.11,76,,,5784.36,Opening
TOST,2/21/2024 9:44,Sld,21,129,,-167.055,2709,Closing
EVGN,2/21/2024 9:41,Bot,0.88,2813,,,2475.44,Opening
EVGN,2/21/2024 9:41,Bot,0.88,2813,,,2475.44,Opening
XPRO,2/21/2024 9:38,Bot,20.04,228,,,4569.12,Opening
XPRO,2/21/2024 9:38,Bot,20.04,228,,,4569.12,Opening
TOST,2/21/2024 9:30,Sld,21.02,129,,-164.475,2711.58,Closing
SWAV,2/21/2024 9:30,Sld,252.52,10,,-134.75,2525.2,Closing
SWAV,2/21/2024 9:30,Sld,252.52,10,,-134.75,2525.2,Closing
NXT,2/20/2024 15:52,Sld,58.64,56,,282.52,3283.84,Closing
WMT,2/20/2024 10:25,Sld,178.4,107,,-158.895,19088.8,Closing
WMT,2/20/2024 10:25,Sld,178.4,107,,-158.895,19088.8,Closing
MDRX,2/20/2024 10:10,Bot,8.34,541,,,4511.94,Opening
MDRX,2/20/2024 10:10,Bot,8.32,541,,10.82,4501.12,Opening
IOVA,2/20/2024 9:57,Bot,12.55,134,,,1681.7,Opening
IOVA,2/20/2024 9:57,Bot,12.56,134,,,1683.04,Opening
WMT,2/20/2024 9:46,Bot,180,107,,,19260,Opening
WMT,2/20/2024 9:46,Bot,179.77,107,,,19235.39,Opening
LLY,2/20/2024 9:42,Sld,764,6,,-167.7,4584,Closing
LLY,2/20/2024 9:42,Sld,764,6,,-167.7,4584,Closing
RUM,2/20/2024 9:41,Sld,7.3,276,,-169.74,2014.8,Closing
RUM,2/20/2024 9:41,Sld,7.3,276,,-169.74,2014.8,Closing
SWAV,2/20/2024 9:39,Bot,265.99,10,,,2659.9,Opening
SWAV,2/20/2024 9:38,Bot,266,10,,,2660,Opening
SWAV,2/20/2024 9:37,Sld,264,21,,-14.175,5544,Closing
SWAV,2/20/2024 9:36,Sld,264.91,21,,4.935,5563.11,Closing
APP,2/20/2024 9:32,Sld,56.63,48,,3.6,2718.24,Closing
APP,2/20/2024 9:32,Sld,56.63,48,,3.6,2718.24,Closing
SWAV,2/20/2024 9:31,Bot,264.35,21,,,5551.35,Opening
SWAV,2/20/2024 9:31,Bot,265,21,,,5565,Opening
SWAV,2/20/2024 9:30,Sld,255.55,21,,-9.45,5366.55,Closing
SWAV,2/20/2024 9:30,Sld,255.55,21,,-9.45,5366.55,Closing
UBER,2/16/2024 15:49,Sld,78.16,44,,1.32,3439.04,Closing
UBER,2/16/2024 15:40,Sld,78.32,44,,8.36,3446.08,Closing
MDRX,2/16/2024 15:18,Sld,8.34,541,,,4511.94,Closing
MDRX,2/16/2024 15:18,Sld,8.34,541,,,4511.94,Closing
CAR,2/16/2024 15:15,Sld,113.57,32,,,3634.24,Closing
CAR,2/16/2024 15:15,Sld,113.63,32,,,3636.16,Closing
LLY,2/16/2024 11:21,Bot,791.9,6,,,4751.4,Opening
LLY,2/16/2024 11:20,Bot,792,6,,,4752,Opening
TOST,2/16/2024 11:17,Bot,22.29,129,,,2875.41,Opening
TOST,2/16/2024 11:17,Bot,22.3,129,,,2876.7,Opening
BLZE,2/16/2024 10:44,Sld,10.64,227,,188.41,2415.28,Closing
LYFT,2/16/2024 9:55,Sld,18.46,109,,227.81,2012.14,Closing
SWAV,2/16/2024 9:50,Bot,256,21,,,5376,Opening
SWAV,2/16/2024 9:50,Bot,256,21,,,5376,Opening
BLZE,2/16/2024 9:38,Bot,9.92,227,,,2251.84,Opening
BLZE,2/16/2024 9:38,Bot,9.7,227,,,2201.9,Opening
APP,2/15/2024 11:05,Bot,56.61,48,,,2717.28,Opening
CVNA,2/15/2024 11:05,Sld,54.09,95,,-189.05,5138.55,Closing
CVNA,2/15/2024 11:05,Sld,54.13,95,,-185.25,5142.35,Closing
APP,2/15/2024 11:05,Bot,56.5,48,,,2712,Opening
LLY,2/15/2024 11:03,Sld,757.01,13,,5.785,9841.13,Closing
LLY,2/15/2024 11:01,Sld,757.45,13,,11.505,9846.85,Closing
RUM,2/15/2024 10:18,Bot,7.9,276,,,2180.4,Opening
RUM,2/15/2024 10:17,Bot,7.93,276,,,2188.68,Opening
SN,2/15/2024 10:13,Sld,51.56,85,,-180.2,4382.6,Closing
SN,2/15/2024 10:13,Sld,51.56,85,,-180.2,4382.6,Closing
SN,2/15/2024 9:49,Bot,53.68,85,,,4562.8,Opening
SN,2/15/2024 9:49,Bot,53.68,85,,,4562.8,Opening
LYFT,2/15/2024 9:38,Sld,17.6,109,,134.07,1918.4,Closing
CVNA,2/15/2024 9:37,Bot,56,95,,,5320,Opening
CVNA,2/15/2024 9:37,Bot,56.16,95,,,5335.2,Opening
LYFT,2/14/2024 15:35,Bot,16.29,109,,,1775.61,Opening
UBER,2/14/2024 15:32,Bot,78.1,44,,,3436.4,Opening
UBER,2/14/2024 15:31,Bot,78.16,44,,,3439.04,Opening
LYFT,2/14/2024 15:30,Bot,16.45,109,,,1793.05,Opening
LLY,2/14/2024 9:51,Bot,756.63,13,,,9836.19,Opening
LLY,2/14/2024 9:51,Bot,756.5,13,,,9834.5,Opening
TOL,2/13/2024 9:32,Sld,100.6,103,,-223.51,10361.8,Closing
TOL,2/13/2024 9:32,Sld,100.6,103,,-223.51,10361.8,Closing
LOW,2/13/2024 9:30,Sld,224.93,167,,-500.165,37563.31,Closing
LOW,2/13/2024 9:30,Sld,224.93,167,,-500.165,37563.31,Closing
PLUG,2/13/2024 9:30,Sld,4.28,632,,-183.28,2704.96,Closing
PLUG,2/13/2024 9:30,Sld,4.28,632,,-183.28,2704.96,Closing
ABNB,2/13/2024 9:30,Sld,149.21,77,,-390.005,11489.17,Closing
ABNB,2/13/2024 9:30,Sld,149.21,77,,-390.005,11489.17,Closing
ABNB,2/12/2024 11:38,Bot,154.32,77,,,11882.64,Opening
ABNB,2/12/2024 11:37,Bot,154.23,77,,,11875.71,Opening
CLSK,2/12/2024 11:11,Sld,15.38,134,,3.35,2060.92,Closing
CLSK,2/12/2024 11:11,Sld,15.42,134,,8.71,2066.28,Closing
PLUG,2/12/2024 10:47,Bot,4.57,632,,,2888.24,Opening
PLUG,2/12/2024 10:46,Bot,4.57,632,,,2888.24,Opening
LOW,2/12/2024 9:51,Bot,227.8,167,,,38042.6,Opening
LOW,2/12/2024 9:51,Bot,228.05,167,,,38084.35,Opening
LOW,2/12/2024 9:51,Sld,227.82,220,,-61.6,50120.4,Closing
LOW,2/12/2024 9:51,Bot,228.1,220,,,50182,Opening
CLSK,2/12/2024 9:40,Bot,15.32,134,,,2052.88,Opening
CLSK,2/12/2024 9:40,Bot,15.39,134,,,2062.26,Opening
TOL,2/12/2024 9:36,Bot,102.77,103,,,10585.31,Opening
TOL,2/12/2024 9:36,Bot,102.77,103,,,10585.31,Opening
VRNS,2/12/2024 9:34,Sld,51.51,275,,-1.375,14165.25,Closing
VRNS,2/12/2024 9:32,Sld,51.57,275,,15.125,14181.75,Closing
STNE,2/9/2024 11:06,Sld,18.37,231,,-172.095,4243.47,Closing
STNE,2/9/2024 11:06,Sld,18.38,231,,-169.785,4245.78,Closing
STNE,2/9/2024 10:17,Bot,19.12,231,,,4416.72,Opening
CG,2/9/2024 9:51,Sld,45.47,114,,162.45,5183.58,Closing
STNE,2/9/2024 9:48,Bot,19.11,231,,,4414.41,Opening
VRNS,2/9/2024 9:46,Bot,51.49,275,,,14159.75,Opening
VRNS,2/9/2024 9:46,Bot,51.54,275,,,14173.5,Opening
CG,2/9/2024 9:42,Sld,45.53,114,,169.29,5190.42,Closing
NET,2/9/2024 9:34,Sld,109.34,78,,1884.09,8528.52,Closing
STNE,2/9/2024 9:33,Sld,18.57,438,,-214.62,8133.66,Closing
STNE,2/9/2024 9:32,Bot,19.06,438,,,8348.28,Opening
NET,2/9/2024 9:30,Sld,110.2,78,,1951.17,8595.6,Closing
JL,2/8/2024 12:07,Sld,14.68,100,,-182,1468,Closing
JL,2/8/2024 12:07,Sld,14.68,100,,-182,1468,Closing
TPX,2/8/2024 11:11,Sld,51.2,68,,-120.36,3481.6,Closing
TPX,2/8/2024 11:10,Sld,51.25,68,,-116.96,3485,Closing
NET,2/8/2024 9:58,Bot,85.2,78,,,6645.6,Opening
NET,2/8/2024 9:58,Bot,85.17,78,,,6643.26,Opening
AMZN,2/8/2024 9:51,Sld,170.55,224,,42.56,38203.2,Closing
TPX,2/8/2024 9:47,Bot,52.97,68,,,3601.96,Opening
TPX,2/8/2024 9:47,Sld,52.88,68,,-6.12,3595.84,Closing
TPX,2/8/2024 9:46,Bot,52.97,68,,,3601.96,Opening
TPX,2/8/2024 9:46,Bot,52.97,68,,,3601.96,Opening
JL,2/8/2024 9:40,Bot,16.5,100,,,1650,Opening
JL,2/8/2024 9:40,Bot,16.5,100,,,1650,Opening
ZIM,2/7/2024 11:27,Bot,12.62,404,,-185.84,5098.48,Opening
ZIM,2/7/2024 11:26,Bot,12.61,404,,-181.8,5094.44,Opening
ZIM,2/7/2024 9:48,Sld,12.17,404,,,4916.68,Closing
ZIM,2/7/2024 9:47,Sld,12.15,404,,,4908.6,Closing
CG,2/7/2024 9:39,Bot,44.09,114,,,5026.26,Opening
CG,2/7/2024 9:39,Bot,44,114,,,5016,Opening
ALAR,2/6/2024 13:42,Sld,12.76,281,,2.81,3585.56,Closing
ALAR,2/6/2024 13:42,Sld,12.76,281,,2.81,3585.56,Closing
RVSN,2/6/2024 13:01,Sld,12.06,46,,-180.09,554.76,Closing
RVSN,2/6/2024 13:01,Sld,12.06,46,,-180.09,554.76,Closing
CAR,2/6/2024 9:44,Bot,156.86,63,,-3.4171,9882.18,Opening
CAR,2/6/2024 9:43,Bot,156.46,62,,21.4371,9700.52,Opening
EW,2/6/2024 9:31,Sld,85.93,93,,411.06,7991.49,Closing
CAR,2/5/2024 10:31,Sld,156.71,62,,,9716.02,Closing
CAR,2/5/2024 10:31,Sld,156.9,63,,,9884.7,Closing
RVSN,2/5/2024 10:28,Bot,15.95,46,,,733.7,Opening
RVSN,2/5/2024 10:28,Bot,16,46,,,736,Opening
DECK,2/5/2024 9:40,Sld,861,5,,5,4305,Closing
DECK,2/5/2024 9:40,Sld,862.66,5,,13.3,4313.3,Closing
ALAR,2/5/2024 9:32,Bot,12.8,281,,,3596.8,Opening
ALAR,2/5/2024 9:32,Bot,12.7,281,,,3568.7,Opening
NXT,2/2/2024 14:14,Sld,57.44,56,,215.32,3216.64,Closing
EW,2/2/2024 11:15,Sld,84.75,93,,301.32,7881.75,Closing
DECK,2/2/2024 9:44,Bot,860,5,,,4300,Opening
DECK,2/2/2024 9:44,Bot,860,5,,,4300,Opening
AMZN,2/2/2024 9:38,Bot,170.45,112,,,19090.4,Opening
AMZN,2/2/2024 9:38,Bot,170.27,112,,,19070.24,Opening
EW,2/2/2024 9:33,Bot,81.48,93,,,7577.64,Opening
EW,2/2/2024 9:32,Bot,81.54,93,,,7583.22,Opening
NXT,2/1/2024 9:30,Bot,53.81,56,,,3013.36,Opening
NXT,2/1/2024 9:30,Bot,53.38,56,,,2989.28,Opening
ULTA,1/31/2024 15:47,Sld,501.89,11,,-69.795,5520.79,Closing
ULTA,1/31/2024 15:47,Sld,501.89,11,,-69.795,5520.79,Closing
BANC,1/31/2024 9:30,Sld,14.13,314,,177.41,4436.82,Closing
MARA,1/31/2024 9:30,Sld,17.46,191,,-57.3,3334.86,Closing
MARA,1/31/2024 9:30,Sld,17.46,191,,-57.3,3334.86,Closing
ULTA,1/29/2024 15:13,Bot,508.24,11,,,5590.64,Opening
ULTA,1/29/2024 15:13,Bot,508.23,11,,,5590.53,Opening
SOFI,1/29/2024 12:01,Sld,8.99,437,,2.185,3928.63,Closing
SOFI,1/29/2024 11:59,Sld,9.04,437,,24.035,3950.48,Closing
ADM,1/29/2024 11:57,Bot,54.35,80,,-271.2,4348,Opening
ADM,1/29/2024 11:57,Bot,54.35,80,,-271.2,4348,Opening
SOFI,1/29/2024 9:40,Bot,8.96,437,,,3915.52,Opening
SOFI,1/29/2024 9:39,Bot,9.01,437,,,3937.37,Opening
BSVN,1/29/2024 9:35,Sld,26,108,,-184.68,2808,Closing
BSVN,1/29/2024 9:35,Bot,27.71,108,,,2992.68,Opening
NOW,1/26/2024 11:36,Sld,771.41,24,,4.2,18513.84,Closing
NOW,1/26/2024 11:36,Sld,771.41,24,,4.2,18513.84,Closing
AAL,1/26/2024 10:15,Sld,15.2,548,,210.98,8329.6,Closing
NOW,1/26/2024 9:49,Bot,771.47,24,,,18515.28,Opening
NOW,1/26/2024 9:49,Bot,771,24,,,18504,Opening
MARA,1/26/2024 9:42,Bot,17.77,191,,,3394.07,Opening
MARA,1/26/2024 9:42,Bot,17.75,191,,,3390.25,Opening
ALAR,1/26/2024 9:34,Sld,10.47,185,,-98.05,1936.95,Closing
ALAR,1/26/2024 9:34,Sld,10.48,185,,-96.2,1938.8,Closing
AAL,1/26/2024 9:33,Sld,15.77,548,,523.34,8641.96,Closing
BANC,1/26/2024 9:30,Sld,14.36,314,,249.63,4509.04,Closing
MARA,1/26/2024 9:30,Bot,17.23,233,,-329.695,4014.59,Opening
MARA,1/26/2024 9:30,Bot,17.23,233,,-329.695,4014.59,Opening
ADM,1/25/2024 12:43,Sld,50.95,80,,,4076,Closing
ADM,1/25/2024 12:43,Sld,50.97,80,,,4077.6,Closing
BANC,1/25/2024 9:37,Bot,13.56,314,,,4257.84,Opening
BANC,1/25/2024 9:37,Bot,13.57,314,,,4260.98,Opening
AAL,1/25/2024 9:32,Bot,14.8,548,,,8110.4,Opening
AAL,1/25/2024 9:32,Bot,14.83,548,,,8126.84,Opening
MARA,1/24/2024 15:00,Sld,15.82,233,,,3686.06,Closing
MARA,1/24/2024 15:00,Sld,15.81,233,,,3683.73,Closing
ALAR,1/24/2024 12:18,Bot,11,185,,,2035,Opening
ALAR,1/24/2024 12:18,Bot,11,185,,,2035,Opening
ALLY,1/23/2024 15:48,Sld,36.53,696,,-90.48,25424.88,Closing
PLTR,1/23/2024 15:48,Sld,17.32,470,,-206.8,8140.4,Closing
PLTR,1/23/2024 15:48,Sld,17.31,470,,-211.5,8135.7,Closing
CVNA,1/23/2024 14:26,Sld,45.41,53,,9.54,2406.73,Closing
CVNA,1/23/2024 10:50,Sld,46.33,53,,58.3,2455.49,Closing
AMD,1/23/2024 9:36,Sld,165.47,150,,2025.75,24820.5,Closing
TQQQ,1/23/2024 9:32,Sld,54.61,74,,10.36,4041.14,Closing
TQQQ,1/22/2024 13:35,Sld,54.67,74,,14.8,4045.58,Closing
ALLY,1/22/2024 12:20,Bot,36.66,348,,,12757.68,Opening
ALLY,1/22/2024 12:20,Bot,36.66,348,,,12757.68,Opening
PLTR,1/22/2024 12:20,Bot,17.76,470,,,8347.2,Opening
PLTR,1/22/2024 12:20,Bot,17.76,470,,,8347.2,Opening
TQQQ,1/19/2024 15:49,Bot,54.47,74,,,4030.78,Opening
TQQQ,1/19/2024 15:48,Bot,54.47,74,,,4030.78,Opening
CVNA,1/19/2024 14:43,Bot,45.22,53,,,2396.66,Opening
CVNA,1/19/2024 14:43,Bot,45.24,53,,,2397.72,Opening
ADBE,1/19/2024 11:14,Bot,595.14,21,,-135.135,12497.94,Opening
ADBE,1/19/2024 10:00,Bot,594.94,21,,-130.935,12493.74,Opening
BA,1/18/2024 11:39,Bot,211.38,16,,105.12,3382.08,Opening
INTC,1/18/2024 9:30,Bot,47.03,116,,-144.42,5455.48,Opening
INTC,1/18/2024 9:30,Bot,47.03,116,,-144.42,5455.48,Opening
AMD,1/18/2024 9:30,Sld,166.09,150,,2118.75,24913.5,Closing
NVDA,1/17/2024 10:03,Sld,547.8,13,,-182.8125,7121.4,Closing
NVDA,1/17/2024 10:03,Sld,547.82,13,,-182.5525,7121.66,Closing
NVDA,1/17/2024 10:00,Sld,548.83,13,,-169.4225,7134.79,Closing
NVDA,1/17/2024 10:00,Sld,549.09,13,,-166.0425,7138.17,Closing
ADBE,1/17/2024 9:41,Sld,588.73,21,,,12363.33,Closing
ADBE,1/17/2024 9:41,Sld,588.68,21,,,12362.28,Closing
INTC,1/17/2024 9:37,Sld,45.79,116,,,5311.64,Closing
INTC,1/17/2024 9:37,Sld,45.78,116,,,5310.48,Closing
RXST,1/17/2024 9:32,Sld,44.51,163,,378.16,7255.13,Closing
META,1/16/2024 15:57,Sld,367.48,40,,5.2,14699.2,Closing
META,1/16/2024 15:57,Sld,367.53,40,,7.2,14701.2,Closing
NVDA,1/16/2024 15:19,Bot,561.92,13,,,7304.96,Opening
NVDA,1/16/2024 15:18,Bot,561.89,13,,,7304.57,Opening
NVDA,1/16/2024 15:17,Bot,561.75,13,,,7302.75,Opening
NVDA,1/16/2024 15:17,Bot,561.89,13,,,7304.57,Opening
U,1/16/2024 10:42,Bot,34.13,178,,-179.78,6075.14,Opening
BA,1/16/2024 10:34,Bot,202.66,16,,244.64,3242.56,Opening
ADBE,1/16/2024 10:34,Bot,595.93,33,,-214.5,19665.69,Opening
ADBE,1/16/2024 10:34,Bot,595.93,33,,-214.5,19665.69,Opening
U,1/16/2024 10:32,Bot,34.12,178,,-178,6073.36,Opening
ADBE,1/16/2024 9:56,Sld,589.27,33,,,19445.91,Closing
ADBE,1/16/2024 9:55,Sld,589.59,33,,,19456.47,Closing
U,1/16/2024 9:42,Sld,33.1,178,,,5891.8,Closing
U,1/16/2024 9:42,Sld,33.14,178,,,5898.92,Closing
AMD,1/16/2024 9:38,Bot,151.96,150,,,22794,Opening
AMD,1/16/2024 9:38,Bot,151.97,150,,,22795.5,Opening
AMD,1/16/2024 9:37,Sld,152.59,285,,5.7,43488.15,Closing
AMD,1/16/2024 9:37,Sld,152.59,285,,5.7,43488.15,Closing
AUVIQ,1/16/2024 9:36,Sld,3.14,312,,20.28,979.68,Closing
AMD,1/16/2024 9:36,Bot,152.59,285,,,43488.15,Opening
AMD,1/16/2024 9:36,Bot,152.55,285,,,43476.75,Opening
ACCD,1/16/2024 9:30,Sld,13.58,162,,8.1,2199.96,Closing
ACLS,1/16/2024 9:30,Bot,118.15,61,,-142.435,7207.15,Opening
ACLS,1/16/2024 9:30,Bot,118.15,61,,-142.435,7207.15,Opening
LABD,1/16/2024 9:30,Bot,9.5,216,,-171.72,2052,Opening
LABD,1/16/2024 9:30,Bot,9.5,216,,-171.72,2052,Opening
BA,1/12/2024 15:51,Sld,217.99,16,,,3487.84,Closing
BA,1/12/2024 15:51,Sld,217.91,16,,,3486.56,Closing
AUVIQ,1/12/2024 14:58,Sld,4.34,312,,394.68,1354.08,Closing
AUVIQ,1/12/2024 9:56,Bot,3.06,312,,,954.72,Opening
AUVIQ,1/12/2024 9:55,Bot,3.09,312,,,964.08,Opening
AYI,1/12/2024 9:48,Sld,224.6,86,,218.01,19315.6,Closing
LABD,1/12/2024 9:45,Sld,8.7,216,,,1879.2,Closing
LABD,1/12/2024 9:44,Sld,8.71,216,,,1881.36,Closing
SQ,1/12/2024 9:30,Bot,68.31,74,,1.11,5054.94,Opening
SQ,1/11/2024 14:29,Bot,67.98,74,,25.53,5030.52,Opening
MSFT,1/11/2024 10:06,Sld,383.7,23,,0.805,8825.1,Closing
MSFT,1/11/2024 10:06,Sld,383.84,23,,4.025,8828.32,Closing
MSFT,1/11/2024 10:06,Sld,384.11,23,,10.235,8834.53,Closing
MSFT,1/11/2024 10:06,Sld,384.11,23,,10.235,8834.53,Closing
MARA,1/11/2024 10:04,Sld,25.95,192,,-347.52,4982.4,Closing
MARA,1/11/2024 10:04,Sld,25.97,192,,-343.68,4986.24,Closing
MARA,1/11/2024 9:37,Bot,27.74,192,,,5326.08,Opening
MARA,1/11/2024 9:37,Bot,27.78,192,,,5333.76,Opening
MARA,1/11/2024 9:37,Sld,27.67,286,,-54.34,7913.62,Closing
MARA,1/11/2024 9:36,Bot,27.86,286,,,7967.96,Opening
SIDU,1/11/2024 9:31,Sld,11.5,19,,23.18,218.5,Closing
NKE,1/11/2024 9:30,Bot,104.22,31,,32.86,3230.82,Opening
SQ,1/10/2024 15:20,Sld,68.32,74,,,5055.68,Closing
SQ,1/10/2024 15:20,Sld,68.33,74,,,5056.42,Closing
MSFT,1/10/2024 15:16,Bot,383.69,23,,,8824.87,Opening
MSFT,1/10/2024 15:16,Bot,383.73,23,,,8825.79,Opening
MSFT,1/10/2024 15:15,Bot,383.59,23,,,8822.57,Opening
MSFT,1/10/2024 15:15,Bot,383.65,23,,,8823.95,Opening
ACLS,1/10/2024 15:05,Sld,115.84,61,,,7066.24,Closing
ACLS,1/10/2024 15:05,Sld,115.79,61,,,7063.19,Closing
RUN,1/10/2024 11:45,Bot,16.3,315,,-130.4297,5134.5,Opening
RUN,1/10/2024 11:45,Bot,16.28,357,,-140.6803,5811.96,Opening
DHI,1/10/2024 11:12,Sld,154,183,,-415.41,28182,Closing
DHI,1/10/2024 11:10,Sld,154.11,183,,-395.28,28202.13,Closing
METC,1/10/2024 10:04,Sld,21.82,377,,11.31,8226.14,Closing
META,1/10/2024 9:43,Bot,367.22,40,,,14688.8,Opening
META,1/10/2024 9:43,Bot,367.48,40,,,14699.2,Opening
METC,1/10/2024 9:34,Sld,21.8,377,,3.77,8218.6,Closing
DHI,1/10/2024 9:33,Bot,155.82,183,,,28515.06,Opening
DHI,1/10/2024 9:32,Bot,156.72,183,,,28679.76,Opening
ACCD,1/9/2024 15:51,Sld,15.04,162,,244.62,2436.48,Closing
PTON,1/9/2024 14:54,Sld,6.21,217,,59.675,1347.57,Closing
VTEX,1/9/2024 12:33,Sld,7.58,321,,3.21,2433.18,Closing
VTEX,1/9/2024 12:33,Sld,7.59,321,,6.42,2436.39,Closing
METC,1/9/2024 11:50,Bot,21.79,377,,,8214.83,Opening
METC,1/9/2024 11:50,Bot,21.79,377,,,8214.83,Opening
ACCD,1/9/2024 9:56,Bot,13.51,162,,,2188.62,Opening
ACCD,1/9/2024 9:55,Bot,13.55,162,,,2195.1,Opening
ACCD,1/9/2024 9:55,Sld,13.61,2826,,-197.82,38461.86,Closing
RUN,1/9/2024 9:49,Sld,15.87,315,,,4999.05,Closing
RUN,1/9/2024 9:48,Sld,15.9,357,,,5676.3,Closing
AYI,1/9/2024 9:44,Bot,222.13,43,,,9551.59,Opening
AYI,1/9/2024 9:44,Bot,222,43,,,9546,Opening
ACCD,1/9/2024 9:41,Bot,13.68,2826,,,38659.68,Opening
RXST,1/8/2024 15:53,Sld,45.36,163,,516.71,7393.68,Closing
PTEN,1/8/2024 11:20,Bot,10.31,1295,,12.95,13351.45,Opening
PTEN,1/8/2024 11:20,Bot,10.31,1295,,12.95,13351.45,Opening
DUOL,1/8/2024 10:48,Bot,212.38,42,,-349.86,8919.96,Opening
DUOL,1/8/2024 10:48,Bot,212.38,42,,-349.86,8919.96,Opening
SIDU,1/8/2024 10:30,Sld,13.85,19,,67.83,263.15,Closing
CVNA,1/8/2024 10:16,Bot,48.39,33,,-31.3587,1596.87,Opening
RXST,1/8/2024 9:38,Bot,42.18,163,,,6875.34,Opening
RXST,1/8/2024 9:38,Bot,42.2,163,,,6878.6,Opening
PTEN,1/8/2024 9:35,Sld,10.32,1295,,,13364.4,Closing
PTEN,1/8/2024 9:35,Sld,10.32,1295,,,13364.4,Closing
SGD,1/8/2024 9:30,Sld,1.81,283,,-89.145,512.23,Closing
SGD,1/8/2024 9:30,Sld,1.81,283,,-89.145,512.23,Closing
CVNA,1/5/2024 10:39,Bot,48.32,33,,-29.0487,1594.56,Opening
CVNA,1/5/2024 10:36,Bot,48.2,62,,-47.1363,2988.4,Opening
CVNA,1/5/2024 10:36,Bot,48.14,62,,-43.4163,2984.68,Opening
VTEX,1/5/2024 9:59,Bot,7.57,321,,,2429.97,Opening
VTEX,1/5/2024 9:58,Bot,7.57,321,,,2429.97,Opening
VTEX,1/5/2024 9:58,Sld,7.54,321,,-9.63,2420.34,Closing
VTEX,1/5/2024 9:58,Bot,7.57,321,,,2429.97,Opening
SGD,1/5/2024 9:49,Bot,2.13,283,,,602.79,Opening
SGD,1/5/2024 9:48,Bot,2.12,283,,,599.96,Opening
PTON,1/5/2024 9:31,Sld,6.57,217,,137.795,1425.69,Closing
CVNA,1/5/2024 9:30,Sld,44.6,62,,,2765.2,Closing
CVNA,1/5/2024 9:30,Sld,44.6,62,,,2765.2,Closing
DUOL,1/5/2024 9:30,Sld,204.05,42,,,8570.1,Closing
DUOL,1/5/2024 9:30,Sld,204.05,42,,,8570.1,Closing
PTON,1/4/2024 9:49,Bot,5.92,217,,,1284.64,Opening
PTON,1/4/2024 9:48,Bot,5.95,217,,,1291.15,Opening
SIDU,1/3/2024 10:04,Bot,10.2,19,,,193.8,Opening
SIDU,1/3/2024 9:59,Bot,10.36,19,,,196.84,Opening
NKE,1/3/2024 9:55,Bot,107.48,31,,-68.2,3331.88,Opening
NKE,1/3/2024 9:35,Sld,105.29,31,,,3263.99,Closing
NKE,1/3/2024 9:35,Sld,105.27,31,,,3263.37,Closing
FUTU,1/2/2024 9:30,Sld,52.95,91,,-192.01,4818.45,Closing
FUTU,1/2/2024 9:30,Sld,53.06,91,,-182,4828.46,Closing
CVNA,12/29/2023 15:55,Sld,52.82,33,,,1743.06,Closing
CVNA,12/29/2023 15:54,Sld,52.73,33,,,1740.09,Closing
SOXS,12/29/2023 10:34,Bot,5.72,1005,,10.05,5748.6,Opening
WULF,12/29/2023 10:13,Sld,2.72,661,,9.915,1797.92,Closing
CLSK,12/29/2023 10:11,Sld,12.27,239,,-161.325,2932.53,Closing
CLSK,12/29/2023 9:53,Sld,12.97,239,,5.975,3099.83,Closing
SRRK,12/29/2023 9:30,Sld,19.16,114,,-174.99,2184.24,Closing
SRRK,12/29/2023 9:30,Sld,19.16,114,,-174.99,2184.24,Closing
NEPH,12/28/2023 12:40,Sld,3.52,438,,-21.9,1541.76,Closing
NEPH,12/28/2023 12:40,Sld,3.52,438,,-21.9,1541.76,Closing
WULF,12/28/2023 12:37,Sld,3.15,661,,294.145,2082.15,Closing
ENPH,12/28/2023 9:44,Sld,133.81,40,,-197,5352.4,Closing
ENPH,12/28/2023 9:44,Sld,133.91,40,,-193,5356.4,Closing
FUTU,12/28/2023 9:41,Bot,55.06,91,,,5010.46,Opening
FUTU,12/28/2023 9:40,Bot,55.06,91,,,5010.46,Opening
SRRK,12/28/2023 9:37,Bot,20.69,114,,,2358.66,Opening
SRRK,12/28/2023 9:37,Bot,20.7,114,,,2359.8,Opening
SOXS,12/27/2023 10:46,Bot,5.72,1005,,10.05,5748.6,Opening
CLSK,12/27/2023 10:14,Bot,12.94,239,,,3092.66,Opening
CLSK,12/27/2023 10:14,Bot,12.95,239,,,3095.05,Opening
WULF,12/27/2023 10:00,Bot,2.7,661,,,1784.7,Opening
WULF,12/27/2023 10:00,Bot,2.71,661,,,1791.31,Opening
NEPH,12/26/2023 11:56,Bot,3.57,438,,,1563.66,Opening
NEPH,12/26/2023 11:56,Bot,3.57,438,,,1563.66,Opening
SOXS,12/26/2023 11:37,Sld,5.73,1005,,,5758.65,Closing
SOXS,12/26/2023 11:36,Sld,5.73,1005,,,5758.65,Closing
SOXS,12/26/2023 10:51,Bot,5.8,1899,,,11014.2,Opening
ENPH,12/26/2023 9:46,Bot,138.8,40,,,5552,Opening
ENPH,12/26/2023 9:46,Bot,138.67,40,,,5546.8,Opening
SOXS,12/26/2023 9:36,Sld,5.8,1899,,,11014.2,Closing
CVX,12/22/2023 11:47,Sld,151.49,126,,345.24,19087.74,Closing
DPST,12/22/2023 11:47,Sld,97.03,46,,1585.85,4463.38,Closing
ENPH,12/22/2023 11:47,Sld,135.43,29,,444.135,3927.47,Closing
TNA,12/22/2023 11:47,Sld,40.12,30,,167.25,1203.6,Closing
AFRM,12/20/2023 15:47,Sld,45.88,66,,-360.36,3028.08,Closing
AFRM,12/20/2023 15:29,Sld,45.92,66,,-357.72,3030.72,Closing
AMZN,12/20/2023 15:03,Sld,152.17,155,,1.55,23586.35,Closing
AMZN,12/20/2023 15:03,Sld,152.22,155,,9.3,23594.1,Closing
MU,12/20/2023 14:53,Sld,79.27,49,,69.335,3884.23,Closing
TNA,12/20/2023 10:30,Sld,40.33,30,,173.55,1209.9,Closing
AFRM,12/19/2023 15:04,Bot,51.34,66,,,3388.44,Opening
AFRM,12/19/2023 15:03,Bot,51.34,66,,,3388.44,Opening
RUN,12/19/2023 11:56,Sld,18.87,550,,-404.25,10378.5,Closing
RUN,12/19/2023 11:56,Sld,18.89,550,,-393.25,10389.5,Closing
UPST,12/19/2023 11:25,Sld,46.69,211,,-449.43,9851.59,Closing
UPST,12/19/2023 11:25,Sld,46.69,211,,-449.43,9851.59,Closing
ENPH,12/19/2023 9:51,Sld,133.95,29,,401.215,3884.55,Closing
UPST,12/19/2023 9:37,Bot,48.85,211,,,10307.35,Opening
UPST,12/19/2023 9:37,Bot,48.79,211,,,10294.69,Opening
RUN,12/19/2023 9:35,Bot,19.59,550,,,10774.5,Opening
RUN,12/19/2023 9:35,Bot,19.62,550,,,10791,Opening
STTK,12/18/2023 15:14,Sld,5.37,185,,7.4,993.45,Closing
STTK,12/18/2023 15:14,Sld,5.4,185,,12.95,999,Closing
SEDG,12/18/2023 10:52,Sld,91.75,73,,-373.76,6697.75,Closing
SEDG,12/18/2023 10:37,Sld,91.79,73,,-370.84,6700.67,Closing
SEDG,12/18/2023 9:50,Bot,96.9,73,,,7073.7,Opening
SEDG,12/18/2023 9:49,Bot,96.84,73,,,7069.32,Opening
AMZN,12/18/2023 9:43,Bot,152.17,155,,,23586.35,Opening
AMZN,12/18/2023 9:42,Bot,152.15,155,,,23583.25,Opening
ARM,12/18/2023 9:34,Sld,68.86,265,,7.95,18247.9,Closing
ARM,12/18/2023 9:34,Sld,68.86,265,,7.95,18247.9,Closing
JBLU,12/18/2023 9:32,Sld,5.49,181,,1.81,993.69,Closing
JBLU,12/18/2023 9:30,Sld,5.5,181,,3.62,995.5,Closing
CVX,12/15/2023 9:41,Bot,148.75,63,,,9371.25,Opening
CVX,12/15/2023 9:41,Bot,148.75,63,,,9371.25,Opening
CVX,12/15/2023 9:41,Sld,148.48,190,,-10.12,28211.2,Closing
CVX,12/15/2023 9:39,Bot,148.56,63,,,9359.28,Opening
CVX,12/15/2023 9:38,Bot,148.52,127,,,18862.04,Opening
MU,12/14/2023 10:54,Sld,82.11,49,,208.495,4023.39,Closing
STTK,12/14/2023 10:14,Bot,5.32,185,,,984.2,Opening
STTK,12/14/2023 10:13,Bot,5.34,185,,,987.9,Opening
ENPH,12/14/2023 9:44,Bot,120.23,29,,,3486.67,Opening
ENPH,12/14/2023 9:44,Bot,120,29,,,3480,Opening
ARM,12/14/2023 9:38,Bot,68.88,265,,,18253.2,Opening
ARM,12/14/2023 9:38,Bot,68.78,265,,,18226.7,Opening
PATH,12/14/2023 9:37,Sld,25.79,329,,-199.045,8484.91,Closing
PATH,12/14/2023 9:37,Sld,25.8,329,,-195.755,8488.2,Closing
PATH,12/14/2023 9:34,Bot,26.42,329,,,8692.18,Opening
PATH,12/14/2023 9:33,Bot,26.37,329,,,8675.73,Opening
TNA,12/13/2023 14:46,Bot,34.56,30,,,1036.8,Opening
TNA,12/13/2023 14:45,Bot,34.53,30,,,1035.9,Opening
STTK,12/13/2023 9:46,Sld,4.32,79,,-58.065,341.28,Closing
STTK,12/13/2023 9:46,Sld,4.32,79,,-58.065,341.28,Closing
STTK,12/13/2023 9:36,Bot,5.04,79,,,398.16,Opening
STTK,12/13/2023 9:35,Bot,5.07,79,,,400.53,Opening
VRNT,12/12/2023 9:45,Sld,26.81,16,,-43.2,428.96,Closing
VRNT,12/12/2023 9:45,Sld,26.81,16,,-43.2,428.96,Closing
MU,12/11/2023 11:57,Bot,77.85,49,,,3814.65,Opening
MU,12/11/2023 11:57,Bot,77.86,49,,,3815.14,Opening
PARA,12/11/2023 10:01,Sld,16.36,67,,3.35,1096.12,Closing
PARA,12/11/2023 10:01,Sld,16.39,67,,5.36,1098.13,Closing
PARA,12/8/2023 9:53,Bot,16.31,67,,,1092.77,Opening
PARA,12/8/2023 9:53,Bot,16.31,67,,,1092.77,Opening
BABA,12/8/2023 9:47,Bot,72.31,105,,385.35,7592.55,Opening
GOOGL,12/8/2023 9:30,Sld,134.2,23,,-55.89,3086.6,Closing
GOOGL,12/8/2023 9:30,Sld,134.2,23,,-55.89,3086.6,Closing
VRNT,12/7/2023 13:10,Bot,29.51,16,,,472.16,Opening
VRNT,12/7/2023 13:09,Bot,29.51,16,,,472.16,Opening
GOOGL,12/7/2023 11:06,Bot,136.62,23,,,3142.26,Opening
GOOGL,12/7/2023 11:06,Bot,136.64,23,,,3142.72,Opening
JBLU,12/7/2023 11:01,Bot,5.48,181,,,991.88,Opening
JBLU,12/7/2023 11:01,Bot,5.48,181,,,991.88,Opening
KMDA,12/7/2023 9:51,Sld,5.56,368,,-103.04,2046.08,Closing
KMDA,12/7/2023 9:51,Sld,5.59,368,,-92,2057.12,Closing
UPST,12/7/2023 9:48,Sld,32.86,36,,-128.7,1182.96,Closing
BYND,12/7/2023 9:45,Sld,8.72,223,,5.575,1944.56,Closing
GTLB,12/7/2023 9:45,Sld,58.93,38,,2.66,2239.34,Closing
S,12/7/2023 9:34,Sld,22.23,77,,-91.63,1711.71,Closing
S,12/7/2023 9:34,Sld,22.29,77,,-87.01,1716.33,Closing
GTLB,12/7/2023 9:30,Sld,59.13,38,,10.26,2246.94,Closing
UPST,12/7/2023 9:30,Sld,33.59,36,,-102.42,1209.24,Closing
CONL,12/7/2023 9:30,Sld,22.58,142,,-7.1,3206.36,Closing
METC,12/6/2023 12:34,Sld,17.8,170,,-78.2,3026,Closing
METC,12/6/2023 12:34,Sld,17.8,170,,-78.2,3026,Closing
BYND,12/6/2023 11:43,Sld,9.57,223,,195.125,2134.11,Closing
KMDA,12/6/2023 10:03,Bot,5.84,368,,,2149.12,Opening
KMDA,12/6/2023 10:03,Bot,5.84,368,,,2149.12,Opening
UPST,12/6/2023 9:52,Bot,36.43,36,,,1311.48,Opening
UPST,12/6/2023 9:52,Bot,36.44,36,,,1311.84,Opening
S,12/6/2023 9:45,Bot,23.39,77,,,1801.03,Opening
S,12/6/2023 9:45,Bot,23.45,77,,,1805.65,Opening
METC,12/6/2023 9:41,Bot,18.26,170,,,3104.2,Opening
METC,12/6/2023 9:41,Bot,18.26,170,,,3104.2,Opening
METC,12/6/2023 9:40,Sld,18.18,802,,24.06,14580.36,Closing
METC,12/6/2023 9:40,Bot,18.15,802,,,14556.3,Opening
COIN,12/5/2023 15:44,Sld,139.84,30,,-167.4,4195.2,Closing
COIN,12/5/2023 15:44,Sld,139.84,30,,-167.4,4195.2,Closing
CVNA,12/5/2023 12:42,Sld,37.48,131,,-189.95,4909.88,Closing
CVNA,12/5/2023 12:42,Sld,37.48,131,,-189.95,4909.88,Closing
COIN,12/5/2023 10:05,Bot,145.36,30,,,4360.8,Opening
COIN,12/5/2023 10:04,Bot,145.48,30,,,4364.4,Opening
GTLB,12/5/2023 9:51,Bot,58.81,38,,,2234.78,Opening
GTLB,12/5/2023 9:51,Bot,58.91,38,,,2238.58,Opening
PDD,12/5/2023 9:30,Sld,138.62,14,,0.07,1940.68,Closing
SMCI,12/4/2023 12:18,Bot,267.9,17,,-183.345,4554.3,Opening
SMCI,12/4/2023 12:18,Bot,267.9,17,,-183.345,4554.3,Opening
CVNA,12/4/2023 10:54,Bot,38.93,131,,,5099.83,Opening
CVNA,12/4/2023 10:54,Bot,38.93,131,,,5099.83,Opening
BYND,12/4/2023 10:45,Bot,8.69,223,,,1937.87,Opening
BYND,12/4/2023 10:45,Bot,8.7,223,,,1940.1,Opening
SMCI,12/4/2023 10:35,Sld,257.22,17,,,4372.74,Closing
SMCI,12/4/2023 10:35,Sld,257.01,17,,,4369.17,Closing
CONL,12/4/2023 9:30,Sld,26.24,142,,512.62,3726.08,Closing
DPST,12/1/2023 12:07,Sld,71.1,46,,393.07,3270.6,Closing
CONL,12/1/2023 11:19,Bot,22.63,142,,,3213.46,Opening
CONL,12/1/2023 11:19,Bot,22.63,142,,,3213.46,Opening
BABA,12/1/2023 9:30,Bot,72.91,105,,322.35,7655.55,Opening
MSFT,11/30/2023 11:40,Sld,376.55,7,,-0.455,2635.85,Closing
MSFT,11/30/2023 10:52,Sld,376.88,7,,1.855,2638.16,Closing
PDD,11/30/2023 10:25,Sld,145.84,14,,101.15,2041.76,Closing
FL,11/29/2023 10:11,Sld,27.38,142,,-161.17,3887.96,Closing
FL,11/29/2023 10:11,Sld,27.4,142,,-158.33,3890.8,Closing
FL,11/29/2023 9:51,Bot,28.55,142,,,4054.1,Opening
FL,11/29/2023 9:51,Bot,28.48,142,,,4044.16,Opening
DPST,11/29/2023 9:42,Bot,62.56,46,,,2877.76,Opening
DPST,11/29/2023 9:42,Bot,62.55,46,,,2877.3,Opening
BABA,11/28/2023 10:51,Sld,75.98,105,,,7977.9,Closing
BABA,11/28/2023 10:50,Sld,75.98,105,,,7977.9,Closing
DIS,11/28/2023 10:06,Sld,94.21,1,,0.07,94.21,Closing
DIS,11/28/2023 10:05,Sld,94.25,1,,0.11,94.25,Closing
PDD,11/28/2023 9:39,Bot,138.26,14,,,1935.64,Opening
PDD,11/28/2023 9:39,Bot,138.97,14,,,1945.58,Opening
AMZN,11/28/2023 9:30,Sld,146.87,84,,-172.62,12337.08,Closing
AMZN,11/28/2023 9:30,Sld,146.88,84,,-171.78,12337.92,Closing
AMZN,11/27/2023 10:49,Bot,148.93,84,,,12510.12,Opening
AMZN,11/27/2023 10:49,Bot,148.92,84,,,12509.28,Opening
QQQ,11/24/2023 10:52,Sld,388.5,72,,8.28,27972,Closing
QQQ,11/24/2023 10:52,Sld,388.5,72,,8.28,27972,Closing
QQQ,11/21/2023 10:16,Bot,388.25,72,,,27954,Opening
QQQ,11/21/2023 10:16,Bot,388.52,72,,,27973.44,Opening
MSFT,11/20/2023 9:36,Bot,376.44,7,,,2635.08,Opening
MSFT,11/20/2023 9:36,Bot,376.79,7,,,2637.53,Opening
DIS,11/15/2023 9:48,Bot,94.12,1,,,94.12,Opening
DIS,11/15/2023 9:48,Bot,94.16,1,,,94.16,Opening
ALB,11/13/2023 11:44,Bot,115.47,18,,-51.21,2078.46,Opening
ALB,11/13/2023 11:43,Bot,115.44,18,,-50.67,2077.92,Opening
ALB,11/13/2023 10:23,Sld,112.6,18,,,2026.8,Closing
ALB,11/13/2023 10:23,Sld,112.65,18,,,2027.7,Closing
MSTR,11/9/2023 14:41,Sld,494.15,3,,-105.84,1482.45,Closing
TPST,11/9/2023 13:12,Sld,3.36,64,,-31.04,215.04,Closing
TPST,11/9/2023 13:12,Sld,3.36,64,,-31.04,215.04,Closing
TPST,11/9/2023 9:55,Bot,3.84,64,,,245.76,Opening
TPST,11/9/2023 9:55,Bot,3.85,64,,,246.4,Opening
MSTR,11/9/2023 9:54,Bot,529.43,3,,,1588.29,Opening
